1;Jose Javier Villena;josa;josa@gmail.com;;;;2024-11-25;2024-11-25 22:30:00
5;Global Mentoring;global;global@gmail.com;;;;2024-11-25;2024-11-25 22:30:00
5;Héctor Costa Guzmán;victor;victor@gmail.com;;;;2024-11-25;2024-11-25 22:30:00
8;Víctor Robles;carlos;carlos@gmail.com;;;;2024-11-25;2024-11-25 22:30:00
9;Carlos Arturo Esparza;josa;josa@gmail.com;;;;2024-11-25;2024-11-25 22:30:00
5;Gianmarco Tantaruna;global;global@gmail.com;;;;2024-11-25;2024-11-25 22:30:00
2;Fernando Herrera;victor;victor@gmail.com;;;;2024-11-25;2024-11-25 22:30:00
35;Víctor Robles;carlos;josa@gmail.com;;;;2024-11-25;2024-11-25 22:30:00
2;Alejandro Miguel Taboada Sanchez;josa;global@gmail.com;;;;2024-11-25;2024-11-25 22:30:00
58;Fernando Herrera;global;victor@gmail.com;;;;2024-11-25;2024-11-25 22:30:00
9;Fernando Herrera;victor;carlos@gmail.com;;;;2024-11-25;2024-11-25 22:30:00
6;Víctor Robles;carlos;josa@gmail.com;;;;2024-11-25;2024-11-25 22:30:00
3;Juan Gabriel Gomila Salas;josa;global@gmail.com;;;;2024-11-25;2024-11-25 22:30:00
5;Fernando Herrera;global;victor@gmail.com;;;;2024-11-25;2024-11-25 22:30:00
2;Fernando Herrera;victor;josa@gmail.com;;;;2024-11-25;2024-11-25 22:30:00
4;Ing. Emiliano Ocariz;carlos;global@gmail.com;;;;2024-11-25;2024-11-25 22:30:00
2;Andrés José Guzmán;josa;victor@gmail.com;;;;2024-11-25;2024-11-25 22:30:00
4;Fernando Herrera;global;carlos@gmail.com;;;;2024-11-25;2024-11-25 22:30:00
5;Víctor Robles;victor;josa@gmail.com;;;;2024-11-25;2024-11-25 22:30:00
6;Juan Fernando Urrego;carlos;global@gmail.com;;;;2024-11-25;2024-11-25 22:30:00
